question,reponse,categorie,niveau_difficulte
"Qu'est-ce qu'un budget ?","Un budget est un outil de suivi permettant de lister ses ressources (revenus) et ses dépenses sur une période donnée, généralement un mois. Il aide à équilibrer ses finances et à atteindre ses objectifs financiers.",Concept budget,Facile
"Comment calcule-t-on le prix final après une réduction ?","Prix final = Prix de départ - (Prix de départ × pourcentage de réduction). Par exemple, pour 30% de réduction, on multiplie le prix par 0,70.",Calcul budget,Moyen
"Qu'est-ce que l'épargne ?","L'épargne consiste à mettre de l'argent de côté, à ne pas dépenser immédiatement, pour pouvoir l'utiliser plus tard en cas de besoin ou pour réaliser un projet.",Concept epargne,Facile
"Que signifie l'expression 'Jeter l'argent par les fenêtres' ?","Cela signifie dépenser sans compter et sans utilité, gaspiller son argent.",Expressions argent,Facile
"Quelle est la différence entre un besoin et un désir ?","Un besoin est essentiel à la survie ou au bien-être de base (se loger, se nourrir). Un désir est quelque chose d'agréable à avoir mais non essentiel (un gadget, un vêtement de marque).",Concept budget,Moyen
"Qu'est-ce que le TAEG ?","Le TAEG (Taux Annuel Effectif Global) est le taux d'intérêt qui correspond à la totalité des sommes à payer pour un crédit, incluant les intérêts, frais de dossier et autres frais obligatoires.",Concept credit,Difficile
"Qu'est-ce qu'un livret A ?","Le livret A est un compte d'épargne réglementé par l'État, dont les fonds sont disponibles à tout moment. La gestion est sans frais et les intérêts sont exonérés d'impôts. Son taux est fixé par l'État.",Produit epargne,Moyen
"Comment calcule-t-on le rendement annuel d'un livret A ?","Rendement = Capital × Taux d'intérêt. Exemple : 6 400 € × 0,75% = 48 € d'intérêts par an.",Calcul epargne,Moyen
"Qu'est-ce que l'intérêt composé ?","L'intérêt composé est l'intérêt calculé non seulement sur le capital initial, mais aussi sur les intérêts déjà accumulés. C'est l'effet boule de neige qui fait fructifier l'épargne plus rapidement.",Concept epargne,Difficile
"À quoi sert un fonds d'urgence ?","Un fonds d'urgence sert à faire face aux imprévus : perte d'emploi, maladie, réparation urgente. Il représente généralement 3 à 6 mois de salaire net et doit être placé sur un compte facilement accessible.",Concept epargne,Moyen
"Qu'est-ce qu'une carte bancaire à puce ?","C'est une carte de paiement équipée d'un microprocesseur doté d'une mémoire et de capacités de calcul. Elle sécurise les transactions et est obligatoire en France.",Moyens paiement,Facile
"Où se trouve le cryptogramme visuel sur une carte bancaire ?","Ce sont les 3 derniers chiffres au dos de la carte, sur le panneau de signature. Ils sont nécessaires pour les paiements à distance (internet, téléphone).",Moyens paiement,Facile
"Que risque-t-on à fabriquer de faux billets ?","On risque une peine de prison de 30 ans et une amende de 450 000 €.",Securite argent,Facile
"Qu'est-ce qu'un découvert bancaire ?","Le découvert est une avance permise par la banque pour régler des paiements alors que le compte ne dispose pas de provisions suffisantes. Il génère des agios.",Concept credit,Moyen
"Que sont les agios ?","Les agios sont les frais prélevés par la banque en cas d'opérations particulières sur le compte du client, notamment en cas de découvert ou d'avance.",Concept banque,Moyen
"Qu'est-ce que le surendettement ?","Le surendettement est une situation dans laquelle une personne a accumulé trop de dettes et n'est plus capable de faire face à ses échéances de paiement.",Concept credit,Difficile
"Qu'est-ce qu'un prêt relais ?",Un pret relais est un financement a court terme permettant d'acheter un nouveau bien immobilier avant d'avoir vendu le precedent.,Concept credit,Difficile
"Quelle est la difference entre un pret personnel et un credit renouvelable ?","Un prêt personnel est un montant fixe remboursé en mensualités déterminées. Un crédit renouvelable est une réserve d'argent que l'on peut utiliser et reconstituer à volonté, avec des intérêts souvent plus élevés.",Concept credit,Moyen
"Qu'est-ce que l'assurance-vie ?","L'assurance-vie est un contrat par lequel l'assureur s'engage, en contrepartie de primes, à verser un capital ou une rente à une ou plusieurs personnes déterminées, en cas de vie ou de décès.",Concept assurance,Moyen
"À quoi sert une assurance habitation ?","L'assurance habitation couvre les dommages causés au logement et aux meubles (incendie, dégâts des eaux, vol) ainsi que la responsabilité civile du propriétaire ou locataire.",Concept assurance,Facile
"Qu'est-ce que la franchise en assurance ?","La franchise est la somme d'argent qui reste à la charge de l'assuré après indemnisation par l'assureur. Par exemple, sur un sinistre de 1 000 € avec une franchise de 100 €, l'assureur ne verse que 900 €.",Concept assurance,Moyen
"Comment calcule-t-on un budget mensuel ?","On additionne tous les revenus nets du foyer. On soustrait toutes les dépenses (fixes et variables). Le résultat est soit un excédent (surplus) soit un déficit.",Calcul budget,Facile
"Qu'est-ce que l'épargne de précaution ?","C'est une épargne disponible immédiatement, placée sur un compte liquide (livret A, compte sur livret), destinée à faire face aux imprévus. Elle correspond à 3 à 6 mois de dépenses courantes.",Concept epargne,Moyen
"Qu'est-ce qu'un prêt étudiant ?","Un prêt étudiant est un crédit destiné à financer les études supérieures. En France, le prêt étudiant bancaire peut être à taux zéro sous conditions. Au Canada, le Programme canadien de prêts aux étudiants offre des prêts sans intérêt pendant les études.",Concept credit,Moyen
"Qu'est-ce que le taux d'endettement ?","Le taux d'endettement est le pourcentage des revenus mensuels consacré au remboursement des crédits (hors loyer). Il ne doit généralement pas dépasser 33% des revenus.",Concept credit,Moyen
"Qu'est-ce qu'un prêt hypothécaire ?","Un prêt hypothécaire est un crédit immobilier garanti par une hypothèque sur le bien acheté. La banque peut saisir le bien si l'emprunteur ne rembourse pas.",Concept credit,Moyen
"Qu'est-ce qu'un compte courant ?","Un compte courant est un compte bancaire de dépôt qui permet de déposer de l'argent, d'effectuer des paiements (chèques, cartes) et des retraits. Il peut être débiteur (découvert) ou créditeur.",Concept banque,Facile
"Qu'est-ce qu'un relevé de compte ?","C'est un document, généralement mensuel, qui récapitule toutes les opérations (crédits et débits) effectuées sur un compte bancaire pendant une période donnée.",Concept banque,Facile
"À quoi sert un livret d'épargne populaire (LEP) ?","Le LEP est un livret d'épargne réglementé réservé aux personnes aux revenus modestes. Il offre un taux d'intérêt plus élevé que le livret A, sous conditions de ressources.",Produit epargne,Moyen
"Qu'est-ce que le plan d'épargne logement (PEL) ?","Le PEL est un compte d'épargne qui permet de bénéficier d'un prêt immobilier à taux avantageux. L'épargne est bloquée pendant 4 ans minimum.",Produit epargne,Moyen
"Qu'est-ce que l'inflation ?","L'inflation est la perte du pouvoir d'achat de la monnaie qui se traduit par une augmentation générale et durable des prix. Un bien à 100 € qui vaut 102 € un an plus tard correspond à une inflation de 2%.",Concept economie,Moyen
"Qu'est-ce que le pouvoir d'achat ?","Le pouvoir d'achat est la quantité de biens et de services que l'on peut acheter avec son revenu. Il dépend du revenu et des prix.",Concept economie,Facile
"Comment vérifier qu'un billet est authentique ?","On peut vérifier les signes de sécurité : filigrane, hologramme, nombre émeraude, marques tactiles (relief), fenêtre portrait. Le papier est ferme et craquant.",Securite argent,Moyen
"Qu'est-ce que l'hologramme sur un billet ?","C'est une image à reflets changeants avec un effet 3D, très difficile à reproduire, qui sert à authentifier le billet.",Securite argent,Facile
"Qui a créé la Banque de France ?","La Banque de France a été créée en 1800 par Napoléon Ier, alors Premier Consul.",Histoire finance,Facile
"En quelle année l'euro a-t-il été mis en circulation en France ?","L'euro a été mis en circulation le 1er janvier 2002.",Histoire finance,Facile
"Quelle était la monnaie utilisée en France avant l'euro ?","Le franc. Le louis était une monnaie ancienne, et le mark était la monnaie allemande.",Histoire finance,Facile
"Qu'est-ce qu'un chèque ?","Un chèque est un écrit par lequel une personne (le tireur) donne l'ordre à sa banque de payer une somme déterminée à une autre personne (le bénéficiaire).",Moyens paiement,Facile
"À partir de quel âge peut-on payer avec un chèque en France ?","Il faut être majeur (18 ans) ou avoir 16 ans avec l'accord de ses parents.",Moyens paiement,Facile
"Qu'est-ce que le commerce équitable ?","C'est un système d'échanges économiques qui respecte des préoccupations éthiques, sociales et environnementales, garantissant une juste rémunération aux producteurs.",Concept economie,Facile
"Qu'est-ce qu'un actionnaire ?","Un actionnaire est une personne qui possède une partie (des actions) d'une entreprise. Il peut recevoir des dividendes et participer aux décisions lors des assemblées générales.",Concept investissement,Moyen
"Qu'est-ce qu'un dividende ?","Un dividende est la somme versée périodiquement par une entreprise aux personnes possédant des actions de cette entreprise, sur une partie de ses bénéfices.",Concept investissement,Moyen
"Qu'est-ce qu'un OPCVM ?","Les OPCVM (Organismes de Placement Collectif en Valeurs Mobilières), ou fonds d'investissement, sont des portefeuilles diversifiés d'actions et d'obligations gérés par des professionnels.",Concept investissement,Difficile
"Qu'est-ce que le crowdfunding ?","Le crowdfunding (financement participatif) est un échange de fonds entre individus en dehors des circuits financiers institutionnels, via des plateformes en ligne, pour financer des projets.",Concept investissement,Moyen
"Comment économiser sur l'épicerie ?","Planifier ses repas, faire une liste, acheter des produits de saison, comparer les prix, utiliser des coupons, ne pas faire les courses le ventre vide, et acheter en gros pour les produits non périssables.",Astuces budget,Facile
"Qu'est-ce que l'argent de poche ?","C'est une somme d'argent attribuée régulièrement (chaque semaine par exemple) à un enfant ou un adolescent pour lui apprendre à gérer un petit budget et couvrir ses petites dépenses personnelles.",Concept budget,Facile
"Comment négocier ses factures ?","Appeler son fournisseur (téléphone, internet, assurance), demander le service client, comparer avec les offres concurrentes, et demander une ristourne ou un meilleur forfait. La fidélité ne paie pas toujours.",Astuces budget,Moyen
"Qu'est-ce qu'un relevé d'impôt ?","Un relevé d'impôt est un document qui récapitule les revenus perçus et les impôts prélevés. Il sert à déclarer ses revenus à l'administration fiscale.",Concept fiscalite,Moyen
"Qu'est-ce que la déclaration de revenus ?","C'est une formalité annuelle obligatoire en France où chaque foyer fiscal déclare l'ensemble de ses revenus perçus l'année précédente, permettant le calcul de l'impôt sur le revenu.",Concept fiscalite,Moyen
"Qu'est-ce que la taxe d'habitation ?","La taxe d'habitation est un impôt local français payé par toute personne occupant un logement au 1er janvier, qu'elle soit propriétaire ou locataire. Elle est en cours de suppression pour les résidences principales.",Concept fiscalite,Facile
"Qu'est-ce que le prélèvement à la source ?","C'est un système où l'impôt sur le revenu est prélevé directement sur le salaire ou la pension, mois par mois, plutôt que payé en une fois avec un décalage d'un an.",Concept fiscalite,Moyen
"Comment remplir un chèque ?","Il faut indiquer : le montant en chiffres, le montant en lettres, le lieu et la date, le bénéficiaire, et signer. Ne pas laisser de blancs pour éviter les falsifications.",Moyens paiement,Facile
"Qu'est-ce qu'une opposition bancaire ?","L'opposition est une demande faite à sa banque pour bloquer un moyen de paiement (carte, chèque) en cas de perte ou de vol. Elle doit être faite rapidement.",Securite argent,Facile
"Qu'est-ce que le plafond de carte bancaire ?","C'est le montant maximum que l'on peut dépenser ou retirer avec sa carte sur une période donnée (généralement 30 jours). Il est fixé par la banque et peut être modifié.",Moyens paiement,Facile
"Qu'est-ce qu'un code confidentiel (PIN) ?","C'est un code secret à 4 ou 6 chiffres qui permet d'authentifier le titulaire de la carte lors d'un retrait ou d'un paiement. Il ne doit jamais être communiqué.",Securite argent,Facile
"Que faire en cas de perte de sa carte bancaire ?","Faire immédiatement opposition auprès de sa banque (numéro d'urgence 24h/24), puis confirmer par écrit. Conserver le numéro de la carte pour faciliter l'opposition.",Securite argent,Facile
"Qu'est-ce qu'un microcrédit ?","Le microcrédit est un prêt de petit montant (quelques milliers d'euros) accordé à des personnes exclues du système bancaire classique, souvent associé à un accompagnement social.",Concept credit,Moyen
"Qu'est-ce que l'usure ?","L'usure est le taux d'intérêt maximum légal qu'un prêteur ne peut pas dépasser. Ce taux, fixé par la Banque de France, protège les emprunteurs contre les crédits trop chers.",Concept credit,Difficile
"Qu'est-ce qu'un fichier d'incidents de remboursement (FICP) ?","Le FICP (Fichier des Incidents de remboursement des Crédits aux Particuliers) recense les personnes ayant eu des incidents de paiement sur leurs crédits. Il est géré par la Banque de France.",Concept credit,Difficile
"Comment sortir du surendettement ?","Déposer un dossier de surendettement à la Banque de France. Une commission examine la situation et peut proposer un plan de redressement (rééchelonnement des dettes, effacement partiel).",Concept credit,Difficile
"Qu'est-ce qu'une faillite personnelle ?","La faillite personnelle est une procédure légale (au Canada) pour une personne incapable de payer ses dettes. Elle entraîne la cession de certains actifs et annule la plupart des dettes, mais a des conséquences sur la cote de crédit.",Concept credit,Difficile
"Qu'est-ce que le REEE au Canada ?","Le REEE (Régime enregistré d'épargne-études) est un compte d'épargne canadien qui permet d'épargner pour les études postsecondaires d'un enfant. Le gouvernement contribue via la Subvention canadienne pour l'épargne-études.",Produit epargne,Difficile
"Qu'est-ce que le CELI au Canada ?","Le CELI (Compte d'épargne libre d'impôt) permet aux Canadiens de 18 ans et plus de placer de l'argent à l'abri de l'impôt. Les cotisations ne sont pas déductibles, mais les gains et retraits sont exonérés d'impôt.",Produit epargne,Difficile
"Quelle est la différence entre un REER et un CELI ?","Les cotisations au REER sont déductibles du revenu imposable, mais les retraits sont imposés. Les cotisations au CELI ne sont pas déductibles, mais les retraits et gains sont libres d'impôt.",Concept fiscalite,Difficile
"Comment calculer son reste à vivre ?","Reste à vivre = Revenus nets - Dépenses fixes obligatoires (loyer, crédits, assurances, factures). C'est ce qu'il reste pour l'alimentation, les loisirs et l'épargne.",Calcul budget,Moyen
"Qu'est-ce qu'une dépense fixe ?","Une dépense fixe est une dépense mensuelle récurrente et constante : loyer, crédit immobilier, abonnement internet, assurance.",Concept budget,Facile
"Qu'est-ce qu'une dépense variable ?","Une dépense variable change d'un mois à l'autre : alimentation, essence, loisirs, vêtements.",Concept budget,Facile
"Qu'est-ce qu'un virement bancaire ?","Le virement est une opération bancaire permettant le transfert d'argent d'un compte bancaire à un autre, sans manipulation d'espèces.",Moyens paiement,Facile
"Qu'est-ce qu'un prélèvement automatique ?","C'est une autorisation donnée à un créancier (fournisseur d'énergie, assurance) de prélever directement le montant dû sur le compte bancaire à une date convenue.",Moyens paiement,Facile
"Quels sont les avantages du prélèvement automatique ?","Il évite les oublis de paiement, les frais de retard, et permet une meilleure gestion budgétaire. L'épargne peut aussi être automatisée.",Astuces budget,Facile
"Quels sont les risques du prélèvement automatique ?","En cas de somme insuffisante, le prélèvement peut être rejeté avec des frais. Il faut aussi surveiller les montants pour détecter des erreurs ou des augmentations non justifiées.",Astuces budget,Moyen
"Qu'est-ce que l'assurance emprunteur ?","C'est une assurance obligatoire pour un crédit immobilier. Elle couvre le remboursement du prêt en cas de décès, d'invalidité ou d'incapacité de travail de l'emprunteur.",Concept assurance,Moyen
"Qu'est-ce que la délégation d'assurance ?","C'est la possibilité pour un emprunteur de souscrire une assurance auprès d'un assureur différent de celui de sa banque, souvent à des conditions plus avantageuses.",Concept assurance,Moyen
"Qu'est-ce que le taux nominal d'un crédit ?","C'est le taux d'intérêt de base du crédit, hors frais de dossier et assurance. Il ne reflète pas le coût total réel du crédit.",Concept credit,Moyen
"Qu'est-ce que le taux débiteur ?","C'est le taux d'intérêt appliqué sur le montant emprunté, hors frais annexes. Pour un crédit immobilier, c'est le taux affiché.",Concept credit,Moyen
"Qu'est-ce que le TAEG dans un crédit immobilier ?","Le TAEG (Taux Annuel Effectif Global) inclut le taux d'intérêt, les frais de dossier, l'assurance et tous les autres frais obligatoires. C'est le taux à comparer entre offres.",Concept credit,Difficile
"Comment comparer deux offres de crédit ?","Comparer le TAEG, le coût total du crédit, la durée, le montant des mensualités, et les conditions de remboursement anticipé (frais éventuels).",Concept credit,Moyen
"Qu'est-ce qu'un rachat de crédit ?","Le rachat de crédit (ou regroupement) consiste à rassembler plusieurs crédits en un seul prêt, avec une mensualité unique. Cela peut réduire la mensualité mais allonge la durée et augmente le coût total.",Concept credit,Difficile
"Qu'est-ce que la capacité d'emprunt ?","C'est le montant maximum qu'une banque peut prêter à une personne, calculé en fonction de ses revenus, de son taux d'endettement (max 33%) et de son apport personnel.",Concept credit,Moyen
"Qu'est-ce que l'apport personnel ?","L'apport personnel est la somme d'argent qu'un acheteur apporte de ses propres fonds pour financer un achat (immobilier, voiture). Plus l'apport est élevé, meilleures sont les conditions de prêt.",Concept credit,Moyen
"Qu'est-ce que la durée d'un crédit immobilier ?","C'est la période sur laquelle le prêt est remboursé, généralement entre 15 et 25 ans. Une durée plus longue réduit les mensualités mais augmente le coût total des intérêts.",Concept credit,Moyen
"Qu'est-ce qu'un prêt à taux fixe ?","Un prêt à taux fixe a un taux d'intérêt qui ne change pas pendant toute la durée du prêt. Les mensualités sont constantes et prévisibles.",Concept credit,Facile
"Qu'est-ce qu'un prêt à taux variable ?","Un prêt à taux variable a un taux d'intérêt qui peut évoluer à la hausse ou à la baisse selon un indice de référence. Les mensualités peuvent varier.",Concept credit,Moyen
"Quels sont les risques d'un prêt à taux variable ?","Si les taux augmentent, les mensualités augmentent. L'emprunteur peut ne plus être en mesure de payer. Certains prêts ont un taux plafonné (cap) pour limiter la hausse.",Concept credit,Difficile
"Qu'est-ce qu'une mensualité constante ?","Dans un crédit amortissable à taux fixe, la mensualité (capital + intérêts) est constante sur toute la durée. La part d'intérêts diminue et la part de capital augmente.",Concept credit,Moyen
"Qu'est-ce que le tableau d'amortissement ?","C'est un document qui détaille, pour chaque mensualité d'un crédit, la répartition entre le remboursement du capital et les intérêts, ainsi que le capital restant dû.",Concept credit,Moyen
"Qu'est-ce qu'un crédit revolving ?","Le crédit revolving (ou renouvelable) est une réserve d'argent permanente que l'on peut utiliser partiellement et reconstituer au fur et à mesure des remboursements. Il a des taux d'intérêt souvent élevés.",Concept credit,Moyen
"Pourquoi le crédit revolving est-il dangereux ?","Il encourage la consommation continue, a des taux élevés (souvent >15-20%), et peut conduire à un surendettement progressif. Il faut l'éviter ou l'utiliser avec parcimonie.",Concept credit,Difficile
"Qu'est-ce que la règle des 50/30/20 ?","C'est une méthode simple de budgétisation : 50% des revenus pour les besoins (logement, nourriture), 30% pour les désirs (loisirs), 20% pour l'épargne et le remboursement des dettes.",Concept budget,Moyen
"Comment commencer à épargner avec un petit revenu ?","Commencer par épargner ne serait-ce que 10€ par mois via un virement automatique. L'important est de prendre l'habitude. Augmenter progressivement. Utiliser les applis d'arrondi.",Astuces epargne,Facile
"Qu'est-ce que la méthode des enveloppes ?","Méthode de budgétisation physique : on répartit l'argent liquide dans des enveloppes étiquetées (courses, loisirs, transport). Quand une enveloppe est vide, on ne dépense plus dans cette catégorie.",Astuces budget,Facile
"Qu'est-ce que le 'facteur latte' ?","Concept popularisé par David Bach : les petites dépenses quotidiennes (café, soda, cigarette) qui, additionnées sur l'année, représentent des sommes importantes (plusieurs centaines d'euros) qu'on aurait pu épargner.",Astuces budget,Facile
"Comment économiser sur le transport ?","Utiliser les transports en commun, le covoiturage, le vélo. Entretenir sa voiture (pression des pneus, conduite souple). Comparer les assurances. Éviter les prêts auto longs.",Astuces budget,Facile
"Comment économiser sur l'énergie ?","Isoler son logement, baisser le chauffage de 1°C (économie de 7%), utiliser des ampoules LED, débrancher les veilles, laver à 30°C, faire sécher à l'air libre.",Astuces budget,Facile
"Qu'est-ce que l'indice des prix à la consommation (IPC) ?","L'IPC mesure l'évolution du niveau des prix d'un panier représentatif de biens et services consommés par les ménages. Il sert à calculer l'inflation.",Concept economie,Moyen
"Qu'est-ce que le taux directeur de la BCE ?","C'est le taux d'intérêt auquel la Banque Centrale Européenne prête de l'argent aux banques commerciales. Il influence tous les autres taux (crédits, épargne).",Concept economie,Difficile
"Comment le taux directeur influence-t-il l'épargne ?","Quand la BCE augmente son taux, les banques augmentent les taux des livrets d'épargne (livret A, LDDS). L'épargne rapporte plus.",Concept economie,Difficile
"Comment le taux directeur influence-t-il les crédits ?","Quand la BCE augmente son taux, les crédits deviennent plus chers (taux plus élevés). Cela ralentit l'emprunt et l'économie.",Concept economie,Difficile
"Qu'est-ce que la Banque de France ?","La Banque de France est l'institution nationale qui participe à la politique monétaire de la zone euro, gère les comptes de l'État, régule le crédit, et assure l'éducation financière.",Histoire finance,Moyen
"Où se trouve la Galerie dorée de la Banque de France ?","À Paris, dans l'hôtel de la Vrillière, siège historique de la Banque de France. Elle mesure 40 mètres de long.",Histoire finance,Facile
"Qu'est-ce que le droit au compte ?","C'est le droit pour toute personne, même sans compte bancaire, de se voir ouvrir un compte de dépôt par une banque, selon des conditions prévues par la loi.",Concept banque,Moyen
"Qu'est-ce que la mobilité bancaire ?","Service offert par la banque pour faciliter le changement d'établissement : elle se charge des formalités de transfert des prélèvements et virements récurrents sur autorisation du client.",Concept banque,Moyen
"Qu'est-ce qu'un compte à frais modiques ?","Au Canada, un compte bancaire dont les frais mensuels ne dépassent pas 4$. Tous les Canadiens ont droit à ce type de compte.",Concept banque,Facile
"Qu'est-ce qu'une cote de crédit ?","Au Canada, la cote de crédit est un nombre entre 300 et 900 qui reflète la solvabilité d'une personne. Plus elle est élevée, plus le risque pour le prêteur est faible.",Concept credit,Difficile
"Comment améliorer sa cote de crédit ?","Payer toutes ses factures à temps, ne pas utiliser plus de 30% de sa limite de crédit, garder ses anciens comptes ouverts, limiter les demandes de crédit.",Concept credit,Difficile
"Où consulter gratuitement son dossier de crédit au Canada ?","Auprès d'Equifax Canada et de TransUnion Canada. On peut le demander en ligne, par courrier ou en personne, gratuitement.",Concept credit,Difficile
"Qu'est-ce qu'une proposition de consommateur ?","Au Canada, c'est une offre faite par un débiteur à ses créanciers, via un syndic autorisé, pour rembourser une partie de ses dettes. Évite la faillite.",Concept credit,Difficile
"Qu'est-ce qu'un syndic autorisé en insolvabilité ?","Professionnel sous réglementation fédérale (Canada) qui fournit des conseils et services aux personnes ayant des problèmes d'endettement (proposition de consommateur, faillite).",Concept credit,Difficile
"Qu'est-ce que l'assurance scolaire ?","Elle couvre la responsabilité civile de l'enfant pendant les activités scolaires et périscolaires. Elle est généralement incluse dans l'assurance habitation.",Concept assurance,Facile
"Que faire si on est victime d'une fraude bancaire ?","Contacter immédiatement sa banque pour faire opposition. Porter plainte. Contacter le Centre antifraude du Canada (ou France). Changer ses mots de passe.",Securite argent,Moyen
"Qu'est-ce que l'hameçonnage (phishing) ?","Technique de fraude où un escroc se fait passer pour un organisme légitime (banque, impôts) par email, SMS ou téléphone pour voler des informations personnelles (identifiants, numéros de carte).",Securite argent,Moyen
"Comment reconnaître un email d'hameçonnage ?","Orthographe approximative, demande urgente d'informations, lien suspect (passer la souris pour voir l'URL réelle), formule d'appel générique ('Cher client'), menace de blocage de compte.",Securite argent,Moyen
"Ne jamais communiquer par téléphone ou email : son code PIN, son mot de passe, son cryptogramme, ses identifiants bancaires. La banque ne demande jamais cela.",Securite argent,Facile
"Qu'est-ce qu'un paiement sans contact ?","Mode de paiement rapide avec une carte bancaire ou un téléphone, sans saisir de code PIN pour les petits montants (généralement jusqu'à 50€).",Moyens paiement,Facile
"Quelles sont les précautions avec le paiement sans contact ?","Garder sa carte en sécurité, activer les notifications pour être alerté des transactions, vérifier ses relevés. Certaines cartes ont un plafond cumulé sans contact.",Securite argent,Facile
"Qu'est-ce que l'assurance voyage ?","Elle couvre les frais médicaux à l'étranger (non pris en charge par la sécurité sociale), le rapatriement, l'annulation, et parfois le vol de bagages.",Concept assurance,Facile
"Qu'est-ce que la responsabilité civile ?","C'est l'obligation de réparer les dommages (corporels, matériels) causés à autrui. Elle est incluse dans la plupart des assurances (habitation, auto, scolaire).",Concept assurance,Facile
"Qu'est-ce qu'un contrat d'assurance ?","Document qui lie l'assureur et l'assuré. Il précise les risques couverts, les exclusions, les montants de garantie, la franchise, et la prime (cotisation).",Concept assurance,Facile
"Qu'est-ce qu'une clause d'exclusion en assurance ?","C'est une situation ou un risque qui n'est pas couvert par le contrat d'assurance. Exemple : dégâts des eaux si la maison est inhabitée depuis plus de 90 jours.",Concept assurance,Moyen
"Qu'est-ce que la surprime d'assurance auto ?","Majoration du tarif appliquée par l'assureur en raison d'un risque plus élevé (jeune conducteur, malus après accident, conduite à risque).",Concept assurance,Moyen
"Qu'est-ce que le bonus/malus en assurance auto ?","Système français : chaque année sans accident réduit le bonus (coefficient multiplicateur baisse). Chaque accident responsable augmente le malus (coefficient augmente).",Concept assurance,Moyen
"Qu'est-ce que la valeur à neuf en assurance ?","Garantie qui permet d'être indemnisé sur la base du prix d'achat d'un bien neuf équivalent, sans tenir compte de la vétusté (pour les biens de moins de 2 ans).",Concept assurance,Moyen
"Qu'est-ce que la vétusté ?","C'est la dépréciation d'un bien due à l'âge, l'usure ou l'obsolescence. L'assurance peut appliquer un coefficient de vétusté pour calculer l'indemnisation.",Concept assurance,Moyen
"Qu'est-ce qu'un compte épargne-temps (CET) ?","Dispositif permettant d'accumuler des jours de repos (RTT, congés) non pris pour les utiliser plus tard ou les monétiser.",Concept social,Facile
"Qu'est-ce que le plan d'épargne entreprise (PEE) ?","Dispositif d'épargne collectif permettant aux salariés d'accumuler des actions de l'entreprise ou des fonds, avec abondement possible de l'employeur, sous conditions.",Produit epargne,Moyen
"Qu'est-ce que l'abondement ?","C'est la contribution de l'employeur à l'épargne salariale (PEE, PERCO). Exemple : pour 100€ versés par le salarié, l'employeur ajoute 50€. C'est un avantage non imposable.",Concept social,Moyen
"Qu'est-ce que le PER (Plan d'Épargne Retraite) ?","Successeur du PERP, c'est un produit d'épargne retraite permettant d'épargner pour obtenir un capital ou une rente à la retraite. Les versements sont déductibles du revenu imposable dans la limite d'un plafond.",Produit epargne,Difficile
"Quelle est la différence entre PER individuel et PER collectif ?","Le PER individuel est souscrit librement. Le PER collectif (ex-PERCO) est mis en place par l'entreprise, avec possibilité d'abondement et de transfert des droits.",Produit epargne,Difficile
"Qu'est-ce que la rente viagère ?","Versement périodique (mensuel, trimestriel) garanti à vie. Dans un PER ou une assurance-vie, le capital peut être converti en rente viagère à la retraite.",Concept epargne,Difficile
"Qu'est-ce que le capital-décès en assurance-vie ?","Somme versée aux bénéficiaires désignés au décès de l'assuré, hors succession (sous conditions de versements avant 70 ans).",Concept assurance,Difficile
"Qu'est-ce que la clause bénéficiaire en assurance-vie ?","C'est la désignation par le souscripteur des personnes qui recevront le capital en cas de décès. La clause peut être standard ('mon conjoint, mes enfants') ou personnalisée.",Concept assurance,Difficile
"Qu'est-ce que le délai de renonciation en assurance-vie ?","Période légale de 30 jours après la signature du contrat pendant laquelle le souscripteur peut annuler son contrat sans frais.",Concept assurance,Moyen
"Qu'est-ce que le fonds euros en assurance-vie ?","Support d'investissement sécurisé en assurance-vie, qui garantit le capital et offre un rendement annuel (faible mais positif). Les intérêts sont capitalisés.",Produit epargne,Moyen
"Qu'est-ce que les unités de compte (UC) en assurance-vie ?","Supports d'investissement non garantis (actions, obligations, SCPI) dont la valeur varie à la hausse comme à la baisse. Le risque est plus élevé que le fonds euros.",Produit epargne,Moyen
"Qu'est-ce qu'une SCPI ?","Société Civile de Placement Immobilier : permet d'investir dans l'immobilier (bureaux, commerces) indirectement, en achetant des parts. Les revenus viennent des loyers.",Concept investissement,Difficile
"Qu'est-ce que le rendement d'une SCPI ?","C'est le rapport entre le dividende distribué et le prix de la part. Il varie généralement entre 4% et 6% par an, mais le capital n'est pas garanti.",Concept investissement,Difficile
"Qu'est-ce qu'un tracker (ETF) ?","Exchange Traded Fund : fonds indiciel coté en bourse qui réplique la performance d'un indice (CAC 40, S&P 500). Frais réduits, gestion passive.",Concept investissement,Difficile
"Qu'est-ce que la diversification des placements ?","Stratégie consistant à répartir son épargne sur différents types d'actifs (actions, obligations, immobilier, liquide) pour réduire le risque global.",Concept investissement,Moyen
"Qu'est-ce que le rendement d'un placement ?","C'est le gain (ou la perte) généré par un placement, exprimé en pourcentage du capital investi. Il peut venir de revenus (intérêts, dividendes) ou de plus-value.",Concept investissement,Moyen
"Quelle est la relation entre risque et rendement ?","Plus le rendement potentiel est élevé, plus le risque est élevé. Il n'existe pas de placement à la fois sans risque et à fort rendement. Méfiez-vous des promesses trop belles.",Concept investissement,Facile
"Qu'est-ce qu'une obligation ?","Titre de créance émis par un État ou une entreprise. L'investisseur prête de l'argent et reçoit des intérêts (coupon). Le capital est remboursé à l'échéance.",Concept investissement,Moyen
"Qu'est-ce qu'une action ?","Titre de propriété d'une partie d'une entreprise. L'actionnaire peut recevoir des dividendes et espérer une plus-value si le cours de l'action monte.",Concept investissement,Moyen
"Qu'est-ce que la plus-value ?","Gain réalisé lors de la revente d'un actif (action, bien immobilier) à un prix supérieur à son prix d'achat. Elle est imposable dans certains cas.",Concept investissement,Moyen
"Qu'est-ce que la moins-value ?","Perte réalisée lors de la revente d'un actif à un prix inférieur à son prix d'achat. Elle peut parfois être déduite des plus-values.",Concept investissement,Moyen
"Qu'est-ce que la bourse ?","Marché organisé où s'échangent des actions, obligations et autres produits financiers. Exemples : Euronext Paris, New York Stock Exchange, Nasdaq.",Concept investissement,Facile
"Qu'est-ce que le CAC 40 ?","Principal indice boursier français, composé des 40 plus grandes entreprises cotées sur Euronext Paris (Total, LVMH, L'Oréal, etc.).",Concept investissement,Facile
"Qu'est-ce qu'un krach boursier ?","Chute brutale et importante (souvent >10% en quelques jours) des cours boursiers. Exemples : 1929, 1987, 2000 (bulle internet), 2008 (crise des subprimes).",Concept investissement,Difficile
"Qu'est-ce que la bulle spéculative ?","Situation où les prix des actifs (immobilier, actions, cryptos) montent bien au-delà de leur valeur réelle, poussés par l'enthousiasme et l'effet de levier, avant de s'effondrer.",Concept investissement,Difficile
"Qu'est-ce que l'investissement responsable (ISR) ?","Investissement qui prend en compte des critères Environnementaux, Sociaux et de Gouvernance (ESG) en plus des critères financiers.",Concept investissement,Moyen
"Qu'est-ce que la prime d'activité ?","Aide financière versée par la CAF aux travailleurs aux revenus modestes (salariés, indépendants). Elle complète les revenus d'activité.",Concept social,Facile
"Qu'est-ce que le RSA ?","Revenu de Solidarité Active : minimum social versé aux personnes sans ressources (ou faibles ressources), sous conditions de résidence et d'âge (25 ans et plus ou avec enfant).",Concept social,Facile
"Qu'est-ce que l'APL ?","Aide Personnalisée au Logement : aide au logement versée par la CAF ou la MSA aux locataires modestes, sous conditions de ressources.",Concept social,Facile
"Comment déclarer un changement de situation à la CAF ?","En ligne sur le site de la CAF (déclaration de grossesse, naissance, mariage, séparation, changement d'adresse, de revenus). Sous 30 jours.",Concept social,Facile
"Qu'est-ce que l'impôt sur le revenu ?","Impôt annuel sur les revenus des personnes physiques. Il est progressif : plus les revenus sont élevés, plus le taux est élevé (tranches de 0% à 45% en 2025).",Concept fiscalite,Moyen
"Qu'est-ce que le quotient familial ?","Système français qui divise le revenu imposable en parts (1 pour un célibataire, 2 pour un couple, 0,5 par enfant) pour calculer l'impôt. Réduit l'impôt pour les familles.",Concept fiscalite,Difficile
"Qu'est-ce que la CSG et la CRDS ?","Contributions sociales prélevées sur les revenus (salaires, retraites, revenus du patrimoine). CSG (9,2% environ) et CRDS (0,5%) financent la Sécurité sociale.",Concept fiscalite,Difficile
"Qu'est-ce que la taxe foncière ?","Impôt local payé par le propriétaire d'un bien immobilier (terrain ou bâtiment). Elle est calculée sur la valeur locative cadastrale du bien.",Concept fiscalite,Facile
"Qu'est-ce que la taxe d'enlèvement des ordures ménagères (TEOM) ?","Taxe additionnelle à la taxe foncière, perçue par la commune pour financer le service de collecte et traitement des déchets.",Concept fiscalite,Facile
"Qu'est-ce que la déclaration d'impôt en ligne ?","Obligatoire pour les foyers ayant accès à internet (sauf exceptions). Permet de déclarer ses revenus sur le site impots.gouv.fr avant la date limite (mai-juin).",Concept fiscalite,Facile
"Qu'est-ce que le prélèvement forfaitaire unique (PFU) ?","Ou 'flat tax' : prélèvement de 30% (12,8% d'impôt + 17,2% de CSG/CRDS) sur les revenus du capital (dividendes, intérêts, plus-values).",Concept fiscalite,Difficile
"Qu'est-ce que la niche fiscale ?","Dispositif légal permettant de réduire ses impôts (réduction, crédit d'impôt, exonération). Exemples : Pinel, Denormandie, épargne retraite, dons.",Concept fiscalite,Moyen
"Qu'est-ce que le crédit d'impôt pour frais de garde d'enfants ?","Crédit d'impôt de 50% des sommes payées pour la garde d'enfants de moins de 6 ans (micro-crèche, assistante maternelle), dans la limite de 2 300€ par enfant.",Concept fiscalite,Moyen
"Qu'est-ce que le quotient conjugal ?","Principe d'imposition commune pour les couples mariés ou pacsés. Ils remplissent une seule déclaration. Les revenus sont additionnés et le nombre de parts est de 2.",Concept fiscalite,Moyen
"Qu'est-ce qu'un foyer fiscal ?","Ensemble des personnes qui remplissent une seule déclaration d'impôt : un célibataire, un couple, avec ou sans enfants à charge.",Concept fiscalite,Facile
"Qu'est-ce que l'avance immédiate du crédit d'impôt ?","Pour certains crédits d'impôt (garde d'enfant, emploi à domicile), l'État verse une avance de 60% mensuellement ou trimestriellement, sans attendre la déclaration de l'année suivante.",Concept fiscalite,Difficile
"Qu'est-ce que l'éco-conditionnalité des aides ?","Principe qui conditionne le versement de certaines aides sociales ou fiscales au respect de critères écologiques (ex : prime à la conversion auto sous condition de kilométrage).",Concept social,Moyen
"Qu'est-ce qu'une AVS (Aide au retour à l'emploi) ?","Au Canada, l'assurance-emploi offre des prestations aux personnes ayant perdu leur emploi involontairement, sous conditions de cotisations.",Concept social,Facile
"Qu'est-ce que le projet professionnel ?","Démarche d'orientation ou de réorientation qui permet de définir ses objectifs de carrière, les formations nécessaires, et les financements possibles (CPF, Pro-A, transition pro).",Concept social,Facile
"Qu'est-ce que le CPF (Compte Personnel de Formation) ?","Compte qui accumule des droits à la formation (500€ par an, plafond 5000€). Le salarié peut l'utiliser à tout moment pour financer des formations éligibles.",Concept social,Facile
"Comment financer une formation avec le CPF ?","Se connecter sur moncompteformation.gouv.fr, choisir une formation éligible, demander le financement. Le CPF peut être complété par l'employeur ou Pôle Emploi.",Concept social,Facile
"Qu'est-ce que le taux d'épargne des ménages ?","Rapport entre l'épargne des ménages et leur revenu disponible brut. En France, il est autour de 15-18% (l'un des plus élevés d'Europe).",Concept economie,Difficile
"Qu'est-ce que le PIB (Produit Intérieur Brut) ?","Indicateur de la richesse produite sur un territoire pendant une année (somme des valeurs ajoutées). Ne mesure pas le bien-être ni les inégalités.",Concept economie,Moyen
"Qu'est-ce que la dette publique ?","Somme des emprunts de l'État (et des collectivités, sécurité sociale) pour financer son déficit. En France, environ 110% du PIB (2024).",Concept economie,Moyen
"Qu'est-ce que le déficit public ?","Différence entre les dépenses de l'État et ses recettes fiscales sur une année. Un déficit de 3% du PIB est la limite fixée par les traités européens.",Concept economie,Moyen
"Qu'est-ce que l'UMOA (Union Monétaire Ouest-Africaine) ?","Zone monétaire utilisant le franc CFA (XOF), garantie par le Trésor français. 8 pays : Bénin, Burkina, Côte d'Ivoire, Guinée-Bissau, Mali, Niger, Sénégal, Togo.",Concept economie,Difficile
"Qu'est-ce que le FMI (Fonds Monétaire International) ?","Institution internationale qui surveille la stabilité financière mondiale, accorde des prêts aux pays en difficulté (conditionnés à des réformes économiques).",Concept economie,Difficile
"Qu'est-ce que la Banque mondiale ?","Institution financière internationale qui accorde des prêts aux pays en développement pour des projets d'infrastructure, d'éducation, de santé.",Concept economie,Difficile
"Qu'est-ce que le G20 ?","Groupe des 20 principales économies mondiales (dont France, États-Unis, Chine, Allemagne, Japon, Inde, Russie, Brésil). Se réunit pour coordonner les politiques économiques.",Concept economie,Difficile
"Qu'est-ce que la Zone euro ?","Ensemble des pays de l'Union européenne ayant adopté l'euro comme monnaie unique (20 pays en 2025). La BCE gère la politique monétaire.",Concept economie,Facile
"Qu'est-ce que le traité de Maastricht ?","Traité signé en 1992 qui a créé l'Union européenne et fixé les critères de convergence pour adopter l'euro (déficit <3%, dette <60% du PIB).",Histoire finance,Difficile
"Qu'est-ce que le mécanisme de taux de change européen (MCE II) ?","Système qui permet aux pays souhaitant adopter l'euro de stabiliser leur monnaie par rapport à l'euro avant leur entrée.",Concept economie,Difficile
"Qu'est-ce que le Fonds européen de stabilité financière (FESF) ?","Fonds créé en 2010 pour aider les pays de la zone euro en difficulté financière (Grèce, Portugal, Irlande).",Concept economie,Difficile
"Qu'est-ce que la règle d'or budgétaire ?","Règle qui interdit à l'État d'emprunter pour financer ses dépenses courantes (hors investissement). En France, inscrite dans les lois de programmation des finances publiques.",Concept economie,Difficile
"Qu'est-ce que le Haut Conseil des finances publiques ?","Autorité indépendante qui contrôle les prévisions budgétaires du gouvernement et la sincérité des lois de finances en France.",Concept economie,Difficile
"Qu'est-ce que la Cour des comptes ?","Juridiction financière qui contrôle la régularité des comptes publics et évalue la performance des politiques publiques en France.",Concept economie,Difficile
"Qu'est-ce que la transparence budgétaire ?","Principe selon lequel l'État doit publier clairement ses recettes, dépenses, dette, et déficit pour permettre le contrôle citoyen et parlementaire.",Concept economie,Moyen
"Qu'est-ce que la LOLF (Loi organique relative aux lois de finances) ?","Loi de 2001 qui a réformé la gestion budgétaire de l'État français : budget par missions et programmes, responsabilité accrue des ministres.",Concept economie,Difficile
"Qu'est-ce que la performance budgétaire ?","Évaluation de l'efficacité de la dépense publique : a-t-on atteint les objectifs (qualité) avec les moyens alloués (coût) ?",Concept economie,Difficile
"Qu'est-ce que l'évaluation des politiques publiques ?","Démarche visant à mesurer les effets (positifs et négatifs) d'une politique publique (ex : crédit d'impôt recherche, RSA) pour décider de la poursuivre ou l'arrêter.",Concept economie,Difficile
"Qu'est-ce que le rôle de l'argent dans l'économie ?","L'argent sert à trois fonctions : unité de compte (mesurer la valeur), intermédiaire des échanges (payer), réserve de valeur (épargner).",Concept economie,Moyen
"Qu'est-ce que la création monétaire ?","C'est le processus par lequel la quantité de monnaie en circulation augmente. Les banques commerciales créent de la monnaie via les crédits. La BCE contrôle ce processus.",Concept economie,Difficile
"Qu'est-ce que la destruction monétaire ?","La monnaie disparaît quand un emprunteur rembourse son crédit (principal, pas intérêts). Cela réduit la masse monétaire.",Concept economie,Difficile
"Qu'est-ce que la masse monétaire (M3) ?","Quantité totale de monnaie en circulation dans une économie : billets, pièces, dépôts bancaires, titres de créance. Mesurée par la BCE.",Concept economie,Difficile
"Qu'est-ce que le multiplicateur de crédit ?","Processus par lequel un dépôt initial de 100€ peut générer plusieurs centaines d'euros de crédits, via les prêts et redépôts successifs dans le système bancaire.",Concept economie,Difficile
"Qu'est-ce que le coefficient de réserves obligatoires ?","Pourcentage des dépôts que les banques doivent détenir en liquidités (non prêtées). Fixé par la BCE, il influence la création monétaire.",Concept economie,Difficile
"Qu'est-ce que la liquidité bancaire ?","Capacité d'une banque à faire face à ses obligations de paiement immédiates (retraits de dépôts). Les banques doivent gérer leur liquidité.",Concept economie,Difficile
"Qu'est-ce que le risque de liquidité ?","Risque qu'une banque ne puisse pas honorer ses paiements (retraits) car elle a prêté trop à long terme et ne peut pas récupérer ses fonds rapidement.",Concept economie,Difficile
"Qu'est-ce que le risque de crédit ?","Risque qu'un emprunteur ne rembourse pas son crédit. La banque doit constituer des provisions pour couvrir ces pertes potentielles.",Concept economie,Difficile
"Qu'est-ce que le ratio de solvabilité (Bâle III) ?","Règle imposant aux banques de détenir des fonds propres équivalents à au moins 8% de leurs actifs pondérés par le risque (crédits, placements).",Concept economie,Difficile
"Qu'est-ce que le Fonds de garantie des dépôts (FGDR) ?","En France, garantit les dépôts bancaires (livrets, comptes courants) jusqu'à 100 000€ par client et par banque en cas de faillite de la banque.",Securite argent,Moyen
"Qu'est-ce que la résolution bancaire ?","Procédure gérée par le Fonds de résolution unique européen pour sauver une banque en faillite sans argent public (bail-in : les créanciers et actionnaires paient).",Concept economie,Difficile
"Qu'est-ce que l'Union bancaire européenne ?","Ensemble de règles (supervision unique par la BCE, résolution unique, garantie des dépôts harmonisée) pour stabiliser les banques de la zone euro.",Concept economie,Difficile
"Qu'est-ce que le Mécanisme de supervision unique (MSU) ?","La BCE supervise directement les plus grandes banques de la zone euro (environ 120) et vérifie leur solidité.",Concept economie,Difficile
"Qu'est-ce que le Mécanisme de résolution unique (MRU) ?","Organisme européen qui décide de la restructuration ou de la liquidation des banques en difficulté, avec un fonds de résolution de 55 milliards €.",Concept economie,Difficile
"Qu'est-ce que la directive sur les crédits immobiliers (DCI) ?","Directive européenne qui impose des règles de protection des emprunteurs : évaluation de solvabilité, délai de réflexion, fiche d'information standardisée (FISE).",Concept credit,Difficile
"Qu'est-ce que le taux d'usure pour un crédit immobilier ?","Taux maximum légal que les banques ne peuvent pas dépasser. Révisé trimestriellement par la Banque de France. Protège les emprunteurs.",Concept credit,Difficile
"Comment calculer le coût total d'un crédit immobilier ?","Coût total = (mensualité × nombre de mois) - capital emprunté + frais de dossier + assurance + garantie. Il peut atteindre 30-50% du capital sur 25 ans.",Calcul credit,Difficile
"Qu'est-ce que l'assurance emprunteur avec délégation ?","L'emprunteur choisit librement son assureur, pas obligatoirement celui de la banque. Depuis 2022, on peut changer d'assurance à tout moment (loi Lemoine).",Concept assurance,Moyen
"Qu'est-ce que la loi Lemoine (2022) ?","Loi française qui permet de résilier l'assurance emprunteur à tout moment dans la première année, puis chaque année, sans frais.",Concept credit,Moyen
"Qu'est-ce que le taux d'assurance emprunteur ?","Pourcentage du capital emprunté que coûte l'assurance par an. Exemple : 0,30% sur 200 000€ = 600€/an. Varie selon l'âge, la santé, le métier.",Concept assurance,Moyen
"Qu'est-ce que la quotité d'assurance emprunteur ?","Pourcentage du capital remboursé par l'assurance en cas de sinistre (décès, invalidité). Par défaut 100% pour chacun des conjoints (50% parfois).",Concept assurance,Moyen
"Qu'est-ce que la surprime d'assurance emprunteur ?","Majoration du taux d'assurance en raison d'un risque aggravé (fumeur, sport extrême, maladie chronique).",Concept assurance,Moyen
"Qu'est-ce que la convention AERAS ?","Dispositif français permettant aux personnes ayant des problèmes de santé d'accéder à une assurance emprunteur avec une surprime ou des exclusions, encadré.",Concept assurance,Difficile
"Qu'est-ce que le droit à l'erreur en matière fiscale ?","Principe français (2018) qui protège les contribuables de bonne foi : une première erreur de déclaration n'entraîne pas d'amende, seulement un rappel et des intérêts de retard.",Concept fiscalite,Moyen
"Qu'est-ce que le taux de prélèvement à la source personnalisé ?","Taux d'impôt calculé par l'administration fiscale en fonction des revenus déclarés, appliqué sur le salaire. On peut le moduler en ligne.",Concept fiscalite,Moyen
"Comment contester un avis d'imposition ?","Via le site impots.gouv.fr (messagerie sécurisée) ou par courrier au centre des finances publiques, dans les 2 mois suivant la réception.",Concept fiscalite,Facile
"Qu'est-ce que le droit de reprise de l'administration fiscale ?","Délai pendant lequel le fisc peut contrôler et redresser une déclaration : 3 ans (général), 6 ans (cas de mauvaise foi), 10 ans (actes frauduleux).",Concept fiscalite,Difficile
"Qu'est-ce que la procédure de rectification contradictoire ?","Le fisc doit informer le contribuable des rehaussements envisagés et lui permettre de répondre avant d'établir un redressement définitif.",Concept fiscalite,Difficile
"Qu'est-ce que le droit de se faire assister par un conseil lors d'un contrôle fiscal ?","Le contribuable peut se faire accompagner par un avocat, expert-comptable ou conseil fiscal lors d'un contrôle sur pièces ou sur place.",Concept fiscalite,Moyen
"Qu'est-ce que le secret bancaire ?","Obligation de discrétion de la banque sur les comptes de ses clients. Il a été fortement réduit en France et au niveau international (échange automatique d'informations).",Concept banque,Moyen
"Qu'est-ce que l'échange automatique de renseignements (CRS) ?","Standard mondial (OCDE) : les banques transmettent automatiquement aux autorités fiscales les comptes détenus par des non-résidents, pour lutter contre l'évasion fiscale.",Concept fiscalite,Difficile
"Qu'est-ce que la déclaration FATCA ?","Loi américaine obligeant les banques étrangères à déclarer les comptes des contribuables américains (citoyens, green card) à l'IRS.",Concept fiscalite,Difficile
"Qu'est-ce que l'impôt sur la fortune immobilière (IFI) ?","Successeur de l'ISF depuis 2018 : impôt sur le patrimoine immobilier (hors actifs financiers et professionnels) au-delà de 1,3 million €. Taux de 0,5% à 1,5%.",Concept fiscalite,Difficile
"Qu'est-ce que la flat tax sur les revenus du capital ?","Prélèvement forfaitaire unique de 30% (12,8% IR + 17,2% prélèvements sociaux) applicable par défaut, avec option pour le barème progressif de l'IR.",Concept fiscalite,Difficile
"Qu'est-ce que l'abattement pour durée de détention ?","Pour les plus-values immobilières : abattement de 6% par an de la 6e à la 21e année, puis 4% la 22e, exonération totale après 22 ans.",Concept fiscalite,Difficile
"Qu'est-ce que la plus-value immobilière ?","Gain réalisé à la revente d'un bien immobilier (prix vente - prix achat - frais). Elle est imposable à 19% + prélèvements sociaux (17,2%), sous conditions d'abattement.",Concept fiscalite,Difficile
"Qu'est-ce que l'exonération de la plus-value immobilière pour résidence principale ?","La vente de la résidence principale est totalement exonérée de plus-value immobilière, quel que soit le montant du gain.",Concept fiscalite,Moyen
"Qu'est-ce que le déficit foncier ?","En immobilier locatif, si les charges (travaux, intérêts d'emprunt) dépassent les loyers, le déficit peut être déduit du revenu global dans la limite de 10 700€/an.",Concept fiscalite,Difficile
"Qu'est-ce que la loi Pinel ?","Dispositif de défiscalisation immobilière : réduction d'impôt de 12% à 21% du prix d'achat pour un investissement locatif dans le neuf, avec plafonds de loyer et de ressources.",Concept fiscalite,Difficile
"Qu'est-ce que le statut de Loueur Meublé Non Professionnel (LMNP) ?","Location meublée non professionnelle : les revenus sont imposés dans la catégorie des BIC (bénéfices industriels et commerciaux) avec un régime fiscal avantageux (abattement ou amortissement).",Concept fiscalite,Difficile
"Qu'est-ce que l'amortissement comptable en LMNP ?","Le propriétaire peut déduire de ses revenus locatifs la dépréciation du bien (hors terrain) et du mobilier, réduisant (voire annulant) l'impôt.",Concept fiscalite,Difficile
"Qu'est-ce que le régime réel d'imposition en LMNP ?","Régime obligatoire si les recettes locatives dépassent 23 000€ ou 50% des revenus. Permet de déduire toutes les charges réelles (intérêts, travaux, amortissement).",Concept fiscalite,Difficile
"Qu'est-ce que le régime micro-BIC en LMNP ?","Pour recettes locatives < 23 000€ : abattement forfaitaire de 50% sur les revenus (donc imposition sur 50% seulement).",Concept fiscalite,Moyen
"Qu'est-ce que la taxe sur les logements vacants ?","Taxe annuelle de 10 à 15% de la valeur locative pour les logements vacants depuis plus de 2 ans, dans certaines zones tendues.",Concept fiscalite,Moyen
"Qu'est-ce que le bail réel solidaire (BRS) ?","Dispositif d'accession sociale à la propriété : l'acheteur achète seulement le bâti, le terrain reste à un organisme foncier solidaire. Le prix est réduit de 30-50%.",Concept immobilier,Difficile
"Qu'est-ce que le prêt à taux zéro (PTZ) ?","Prêt sans intérêt accordé sous conditions de ressources pour l'achat d'une résidence principale neuve ou avec travaux. Peut financer jusqu'à 40% du projet.",Concept credit,Moyen
"Qu'est-ce que le Pass Foncier ?","Prêt complémentaire au PTZ pour financer l'achat du terrain dans le neuf. Taux très bas.",Concept credit,Difficile
"Qu'est-ce que le prêt d'accession sociale (PAS) ?","Prêt immobilier accordé par l'État (Caisse des dépôts) via les banques, sous conditions de ressources. Permet de financer jusqu'à 100% avec un taux plafonné.",Concept credit,Moyen
"Qu'est-ce que le conventionnement Anah ?","Le propriétaire signe une convention avec l'Anah pour louer à des ménages modestes avec plafonds de loyer. En contrepartie, il perçoit des aides pour les travaux.",Concept immobilier,Difficile
"Qu'est-ce que l'indice de référence des loyers (IRL) ?","Indice publié par l'INSEE qui sert à réviser annuellement le loyer. La hausse est limitée à la variation de l'IRL.",Concept immobilier,Moyen
"Qu'est-ce que l'encadrement des loyers ?","Dispositif en vigueur à Paris et dans certaines zones tendues : le loyer ne peut pas dépasser un plafond fixé par arrêté préfectoral.",Concept immobilier,Moyen
"Qu'est-ce que le dépôt de garantie en location ?","Somme versée par le locataire au propriétaire (généralement 1 mois de loyer), rendue dans les 2 mois après restitution des clés, déduction faite des dégradations.",Concept immobilier,Facile
"Qu'est-ce que l'état des lieux d'entrée ?","Document contradictoire décrivant l'état du logement (murs, sols, équipements) remis au locataire. Il est comparé à l'état des lieux de sortie pour retenir sur le dépôt de garantie.",Concept immobilier,Facile
"Qu'est-ce que la caution solidaire ?","Personne qui s'engage à payer le loyer à la place du locataire s'il ne paie pas. Obligatoire souvent pour les étudiants ou sans CDI.",Concept immobilier,Facile
"Qu'est-ce que le VISALE (Visa pour le Logement et l'Emploi) ?","Garantie de loyers impayés délivrée par Action Logement, gratuite pour le locataire, sous conditions de ressources et d'emploi.",Concept immobilier,Moyen
"Qu'est-ce que le DPE (Diagnostic de Performance Énergétique) ?","Document obligatoire pour toute location ou vente, classant le logement de A (très économe) à G (passoire thermique). Depuis 2025, les logements G sont interdits à la location.",Concept immobilier,Moyen
"Qu'est-ce que le passoire thermique ?","Logement mal isolé, classé F ou G au DPE. La loi interdit progressivement leur location : G en 2025, F en 2028, E en 2034.",Concept immobilier,Moyen
"Qu'est-ce que le prêt avance rénovation ?","Prêt hypothécaire permettant de financer des travaux de rénovation énergétique. Remboursable au moment de la vente du bien ou de la succession.",Concept credit,Difficile
"Qu'est-ce que MaPrimeRénov' ?","Aide financière de l'Anah pour les travaux de rénovation énergétique (isolation, chauffage). Le montant dépend des revenus et du gain énergétique.",Concept social,Moyen
"Qu'est-ce que l'éco-prêt à taux zéro (éco-PTZ) ?","Prêt sans intérêt pour financer des travaux de rénovation énergétique (jusqu'à 50 000€). Conditions : logement construit avant 1990.",Concept credit,Moyen
"Qu'est-ce que le certificat d'économie d'énergie (CEE) ?","Document délivré après réalisation de travaux d'économie d'énergie. Les fournisseurs d'énergie (EDF, Engie) rachètent ces certificats, ce qui finance une partie des travaux.",Concept social,Difficile
"Qu'est-ce que le tiers-financement ?","Système où une entreprise (ex : rénovateur) avance les frais des travaux. Le ménage rembourse sur ses économies d'énergie, ou le fournisseur d'énergie via les CEE.",Concept credit,Difficile
"Qu'est-ce que la TVA à 5,5% pour les travaux ?","Taux réduit applicable aux travaux de rénovation (logement de plus de 2 ans), sous conditions d'entreprise agréée RGE (Reconnu Garant de l'Environnement).",Concept fiscalite,Moyen
"Qu'est-ce que l'obligation d'emploi de RGE ?","Pour bénéficier des aides (MaPrimeRénov', CEE, éco-PTZ), les travaux doivent être réalisés par une entreprise certifiée RGE (Reconnu Garant de l'Environnement).",Concept social,Moyen